{"min": -20.839626217145735, "max": -0.009250475840074978, "mean": -2.008296782344301, "variance": 3.3585604101319504, "skewness": -1.878245951137391, "kurtosis": 3.396011375263627, "Q-1": -8.370568422756516, "Q-10": -4.833997673671521, "Q-25": -2.397768040988241, "Q-50": -1.2612112725399536, "Q-75": -0.8530431385002443, "Q-90": -0.6049368893539431, "Q-99": -0.3115506598113075}