{"min": -5.143501725553689, "max": -0.0010294119467225572, "mean": -0.501107506748102, "variance": 0.14920748715103677, "skewness": -1.4112720114238846, "kurtosis": 2.3416929767441346, "Q-1": -1.746809273642294, "Q-10": -1.0429298915689302, "Q-25": -0.7004798660940285, "Q-50": -0.38202675663957614, "Q-75": -0.20550355116991095, "Q-90": -0.13303324178466958, "Q-99": -0.048425735444128065}