{"min": -18.525437238745067, "max": -0.3037915799502035, "mean": -1.7481879032023457, "variance": 0.30670996165144776, "skewness": -1.076927473354464, "kurtosis": 2.5182503648242296, "Q-1": -3.4482777507888294, "Q-10": -2.474658244036199, "Q-25": -2.0461228382908967, "Q-50": -1.660840106746995, "Q-75": -1.3541029763473298, "Q-90": -1.131109157478004, "Q-99": -0.8298465668332767}