{"min": -6.0427130143958125, "max": -0.00047394787047781175, "mean": -0.3286846334035462, "variance": 0.1338968955504039, "skewness": -1.4397196483046222, "kurtosis": 2.3481144685993627, "Q-1": -1.5047205902455012, "Q-10": -0.8483820986310527, "Q-25": -0.5258120664713282, "Q-50": -0.2024106445728894, "Q-75": -0.023770810232255177, "Q-90": -0.005782571078816282, "Q-99": -0.0021567077378655385}