{
  "min": -14.822123349700055,
  "max": 6.97622717629214,
  "mean": 5.24684680081334,
  "variance": 0.3857987389845082,
  "skewness": -1.1270880358601405,
  "kurtosis": 3.11544358100163,
  "Q-1": 3.304269149023904,
  "Q-10": 4.442465323156855,
  "Q-25": 4.921524032553787,
  "Q-50": 5.342767256684285,
  "Q-75": 5.680534816854642,
  "Q-90": 5.934868307488407,
  "Q-99": 6.297408044045582
}