{
  "min": -3.546809986521899,
  "max": 7.397703260161666,
  "mean": 6.772687269928257,
  "variance": 0.14601627948459345,
  "skewness": -1.5033872094617209,
  "kurtosis": 4.322946737280602,
  "Q-1": 5.530865306481262,
  "Q-10": 6.238785700837555,
  "Q-25": 6.582028952465786,
  "Q-50": 6.8884239024982925,
  "Q-75": 7.060136295455408,
  "Q-90": 7.136614995887963,
  "Q-99": 7.222018591095128
}