{
  "min": -1.4082304310783296,
  "max": 7.342848498854148,
  "mean": 6.58281405775226,
  "variance": 0.17474571684787943,
  "skewness": -1.3595424775991387,
  "kurtosis": 2.627746528931585,
  "Q-1": 5.241583178842771,
  "Q-10": 6.009764137555575,
  "Q-25": 6.369211070885493,
  "Q-50": 6.6899027316535555,
  "Q-75": 6.893234372891651,
  "Q-90": 7.005059195832681,
  "Q-99": 7.1321499716855685
}