{"min": -20.839626217145735, "max": -0.012071490782150295, "mean": -2.042395487071308, "variance": 3.6115899763765245, "skewness": -1.7964706153202232, "kurtosis": 2.9918413244275355, "Q-1": -8.502964477645701, "Q-10": -4.99441562057465, "Q-25": -2.5500452098112256, "Q-50": -1.2388448640727237, "Q-75": -0.8208319966742532, "Q-90": -0.5768569577970982, "Q-99": -0.293189409291251}