{"min": -11.64565721941852, "max": -0.27749673510509476, "mean": -1.242663411843687, "variance": 0.16457589480466278, "skewness": -1.355036074465328, "kurtosis": 4.4323129265240055, "Q-1": -2.588275941470397, "Q-10": -1.7548207698289597, "Q-25": -1.4433937757376576, "Q-50": -1.1752433139170055, "Q-75": -0.9596971965407328, "Q-90": -0.8037034944842046, "Q-99": -0.6015393642749588}