{
  "min": -19.04053600691782,
  "max": 6.998224826089316,
  "mean": 3.3607670456791863,
  "variance": 3.7515999870745986,
  "skewness": -1.737572924250077,
  "kurtosis": 3.181930602918288,
  "Q-1": -3.162742700850383,
  "Q-10": 0.43426630102984287,
  "Q-25": 2.795591298780884,
  "Q-50": 4.0563914234697656,
  "Q-75": 4.612962660718758,
  "Q-90": 4.995212827445035,
  "Q-99": 5.544744257971144
}