{
  "min": -7.2016805525645085,
  "max": 7.043444980109724,
  "mean": 5.7523712921719925,
  "variance": 0.26516051754186465,
  "skewness": -1.4373336913847072,
  "kurtosis": 5.075082024909328,
  "Q-1": 4.003468376824231,
  "Q-10": 5.110631903965385,
  "Q-25": 5.507347014717233,
  "Q-50": 5.838568718554433,
  "Q-75": 6.105935862404868,
  "Q-90": 6.301788780719134,
  "Q-99": 6.567839305360313
}